config,optimizer,ghd_mode,n_seeds,s70_mean,s70_std,s70_reached,s80_mean,s80_std,s80_reached,s90_mean,s90_std,s90_reached,auc_mean,auc_std,final_val_mean,final_val_std,test_mean,test_std,interventions_mean,interventions_std,elapsed_mean,elapsed_std
SGD,sgd,none,3,150.0,0.0,3,183.33333333333334,23.570226039551585,3,266.6666666666667,23.570226039551585,3,94.39479166666665,0.9694181163489632,96.39333333333333,0.4120140234938098,96.39666666666666,0.30728199137310624,0.0,0.0,85.1227737267812,0.15280661021607506
SGD + GHD-Rules,sgd,rules,3,150.0,0.0,3,200.0,0.0,3,266.6666666666667,23.570226039551585,3,95.72173333333332,0.014686534838270301,97.80333333333333,0.03858612300930085,97.87333333333333,0.049216076867446105,752.0,72.22649560006818,96.94434038798015,0.05405690432522005
SGD + GHD-AI,sgd,ai,3,150.0,0.0,3,216.66666666666666,23.570226039551585,3,283.3333333333333,23.570226039551585,3,95.63781666666667,0.03602340867022345,97.60333333333334,0.3642648609032883,97.67666666666668,0.3767698973585274,783.3333333333334,81.78562764256864,173.20075376828513,0.48477371402938874
AdamW,adamw,none,3,100.0,0.0,3,100.0,0.0,3,200.0,0.0,3,94.8186,0.10217250934897815,97.16333333333334,0.0449691252107733,97.18666666666667,0.08956685895029812,0.0,0.0,45.68213303883871,2.6041422808496772
AdamW + GHD-Rules,adamw,rules,3,100.0,0.0,3,100.0,0.0,3,200.0,0.0,3,94.8186,0.10217250934897815,97.16333333333334,0.0449691252107733,97.18666666666667,0.08956685895029812,0.0,0.0,61.157528718312584,4.2488679143845385
AdamW + GHD-AI,adamw,ai,3,100.0,0.0,3,100.0,0.0,3,200.0,0.0,3,94.8186,0.10217250934897815,97.16333333333334,0.0449691252107733,97.18666666666667,0.08956685895029812,0.0,0.0,91.26412836710612,0.3786462844687596
LARS,lars,none,3,100.0,0.0,3,150.0,0.0,3,266.6666666666667,23.570226039551585,3,95.5465,0.016191934720716956,97.21333333333332,0.3566822426505424,97.16000000000001,0.3325657829663181,0.0,0.0,120.3344014485677,0.3490098843132975
LARS + GHD-AI,lars,ai,3,100.0,0.0,3,150.0,0.0,3,266.6666666666667,23.570226039551585,3,95.5465,0.016191934720716956,97.21333333333332,0.3566822426505424,97.16000000000001,0.3325657829663181,0.0,0.0,204.66564710934958,13.761580086771017
LNGD,lngd,none,3,700.0,40.824829046386306,3,1033.3333333333333,23.570226039551585,3,2700.0,70.71067811865476,3,88.06037499999998,0.1301284813815465,94.44666666666667,0.08259674462242789,94.49000000000001,0.09416297927883678,0.0,0.0,122.96039374669392,0.63575174958229
LNGD + GHD-AI,lngd,ai,3,700.0,40.824829046386306,3,1033.3333333333333,23.570226039551585,3,2700.0,70.71067811865476,3,88.060275,0.13025897921704055,94.44666666666667,0.08259674462242789,94.49000000000001,0.09416297927883678,5.333333333333333,6.847546194724712,213.88153052330017,22.026178092723782
