optimizer,final_loss,final_accuracy,early_grad_mean,vanishing_ratio,log10_vanishing_ratio,gradient_stability,convergence_step,early_gain_vs_adam,early_gain_vs_sgd,vanishing_gain_vs_adam,vanishing_gain_vs_sgd,trust_activations,starvation_events,starvation_recoveries,starvation_activation_rate,recovery_success_rate
Adam,2.3058691024780273,0.078125,1.1724545294466981e-07,6830443.221138774,6.834448885562865,0.6023690855423998,300,1.0,0.7237382859869496,1.0,0.8320075133916169,N/A,N/A,N/A,N/A,N/A
AdamW,2.3058691024780273,0.078125,1.163325754583259e-07,6891939.61314533,6.83834146352459,0.5985631444762158,300,0.9922139625595995,0.7181032325952038,0.9910770558857973,0.8245835568470268,N/A,N/A,N/A,N/A,N/A
RMSProp,2.293895721435547,0.125,6.660726336404909e-08,9843228.107062576,6.993137549566817,0.44832702326331475,300,0.568101036681416,0.4111564705552171,0.6939230856834344,0.5773492210045122,N/A,N/A,N/A,N/A,N/A
SGD,2.2948784828186035,0.109375,1.6199979359221572e-07,5682980.079782298,6.7545761337403505,0.7067247681522255,300,1.3817149366864254,1.0,1.2019122230321866,1.0,N/A,N/A,N/A,N/A,N/A
AI-SAFE-HYBRID,2.2992680072784424,0.125,1.2915274809414494e-07,5987286.169700715,6.777230016280269,0.6590266841818402,300,1.1015586946053626,0.7972402015477066,1.1408245785385946,0.9491746208059355,0,485,25,0.15251572327044025,0.05154639175257732
AI-BALANCED-HYBRID,2.2992680072784424,0.125,1.3053277840343233e-07,5681727.661750647,6.754480413154348,0.6654698555983015,300,1.1133291323888956,0.8057589180144769,1.2021771594441728,1.0002204290853436,0,442,31,0.1389937106918239,0.07013574660633484
AI-AGGRESSIVE-HYBRID,2.2992680072784424,0.125,1.3163890213803894e-07,5457751.925968448,6.7370137915699555,0.6701573856506502,300,1.1227633893841635,0.8125868510017925,1.2515122185453218,1.041267568931119,0,417,23,0.1311320754716981,0.05515587529976019
AI-EXTREME-HYBRID,2.2992682456970215,0.125,1.3238269429656964e-07,5316419.5022032475,6.725619242455777,0.6730136197083794,300,1.1291072785487328,0.8171781664722491,1.284782590671801,1.0689487685136847,0,391,21,0.1229559748427673,0.05370843989769821
AI-MLP-BALANCED-HYBRID,2.3115901947021484,0.109375,1.350362427226711e-07,5588019.754346552,6.74725793273,0.6718802621373321,17,1.1517396993331337,0.8335581158984868,1.2223369854456623,1.0169935557872505,0,404,44,0.1270440251572327,0.10891089108910891
AI-MLP-AGGRESSIVE-HYBRID,2.3115901947021484,0.109375,1.3588603214838753e-07,5425969.108001132,6.734477316837514,0.6739240421470517,17,1.1589876514231603,0.8388037363210382,1.2588429983994207,1.047366832848749,0,397,41,0.12484276729559748,0.10327455919395466
AI-MLP-FT-BALANCED-HYBRID,2.3090362548828125,0.109375,1.2258041430598017e-07,6243489.044487404,6.795427353993275,0.644382981524382,17,1.04550250118295,0.7566701882012169,1.0940106040819617,0.9102250423262936,0,474,25,0.1490566037735849,0.052742616033755275
AI-MLP-FT-AGGRESSIVE-HYBRID,2.3090362548828125,0.109375,1.229198219512284e-07,6166164.727775329,6.790015122629906,0.6457579334312675,17,1.0483973481618638,0.7587652997919304,1.107729605466299,0.9216393545542924,0,468,31,0.1471698113207547,0.06623931623931624
