optimizer,final_loss_mean,final_loss_std,final_accuracy_mean,final_accuracy_std,early_grad_mean_mean,early_grad_mean_std,vanishing_ratio_mean,vanishing_ratio_std,log10_vanishing_ratio_mean,log10_vanishing_ratio_std,gradient_stability_mean,gradient_stability_std,convergence_step_mean,convergence_step_std,early_gain_vs_adam_mean,early_gain_vs_adam_std,early_gain_vs_sgd_mean,early_gain_vs_sgd_std,vanishing_gain_vs_adam_mean,vanishing_gain_vs_adam_std,vanishing_gain_vs_sgd_mean,vanishing_gain_vs_sgd_std,trust_activations_mean,trust_activations_std,trust_clip_utilization_max_mean,trust_clip_utilization_max_std,trust_clip_utilization_mean_mean,trust_clip_utilization_mean_std,starvation_events_mean,starvation_events_std,starvation_recoveries_mean,starvation_recoveries_std,starvation_activation_rate_mean,starvation_activation_rate_std,recovery_success_rate_mean,recovery_success_rate_std
AI-AGGRESSIVE-HYBRID,1.8850845495859783,0.04505202724681327,0.13541666666666666,0.04101045767714485,0.04361229715842492,0.002543467046646414,2.9620015463390943,0.19481692057377842,0.47063447633637884,0.02882428090381666,-1.0,0.0,674.3333333333334,50.135372298962295,610049.1473442296,77943.91549880717,292584.5965166666,29883.438381283242,3426109.279823939,223551.7530257306,2153397.9853829667,174467.3159402004,1515.3333333333333,35.55590277608237,11.82779464011205,0.3664465292232513,0.6400525453540908,0.029394717633190414,710.0,132.77298922095062,130.0,24.34474618201362,0.071,0.013277298922095058,0.1934606292992061,0.06005066852655575
AI-BALANCED-HYBRID,1.8848292032877605,0.04579172867395901,0.17708333333333334,0.01473139127471974,0.03848031494833086,0.009860567524567692,3.620723315557826,1.1614672565085065,0.5383809865464372,0.12969235241457203,-1.0,0.0,706.3333333333334,46.76418382575375,547644.684764486,175134.32239573586,260895.00321056723,77871.41811867197,3052481.015400838,821331.9228589003,1920915.161246829,533781.9957216734,1491.0,62.56196927846821,11.038289864857992,0.2867939158645848,0.651030888805909,0.029597476695977003,721.0,138.30642308536025,116.66666666666667,35.64952859280034,0.0721,0.013830642308536025,0.17106344510190663,0.06268766825109345
AI-EXTREME-HYBRID,1.9378728071848552,0.07149767101537782,0.15104166666666666,0.00736569563735987,0.03738046489435247,0.008657319481802072,3.642069556905899,0.801822179937345,0.5499229190539221,0.10163022804909073,-1.0,0.0,654.0,59.715994507334464,516011.1772814677,104832.267385457,246961.94124932814,42625.917170974215,2888282.150991074,495088.8531958543,1808569.641423246,279156.92406627204,1537.6666666666667,56.84090858606052,11.126236915588379,0.6279372159202441,0.6403423722712953,0.021884640336061495,710.3333333333334,115.81978338013857,143.0,24.166091947189145,0.07103333333333334,0.011581978338013856,0.21195051759988368,0.0664812683400732
AI-MLP-AGGRESSIVE-HYBRID,1.9484601418177288,0.08564120965880821,0.13541666666666666,0.04101045767714485,0.03527190472750137,0.006142823620431089,3.770219606005184,0.7178447505018756,0.5686574136085356,0.08138176039464556,-1.0,0.0,680.3333333333334,62.57972692671503,496383.19203257083,111014.46485682618,237110.25306890166,46403.58077493676,2768491.919305608,452603.3267587357,1739688.5007275958,292966.87071997894,1485.6666666666667,56.322484162386004,13.307355103974235,1.5505190041232004,0.6624015478674651,0.01693662496212586,701.0,135.33908033774526,125.0,34.76588366008646,0.0701,0.013533908033774524,0.18866352761224878,0.06582480740918795
AI-MLP-BALANCED-HYBRID,1.8280438582102458,0.020917887398041107,0.171875,0.02209708691207961,0.03588675261836066,0.01601428792482285,4.972326687690231,3.1695687381042315,0.615293119884823,0.2564780400334292,-1.0,0.0,700.3333333333334,60.53832578531462,515663.81772663945,245098.24009161114,244074.3477568813,112219.50805234943,2832807.0789466524,1250062.5468547896,1782239.1404523952,791498.744045483,1457.3333333333333,25.302612952464457,12.977778581364138,0.5899499527271944,0.6634018299872709,0.016212886657460176,709.0,141.24446891825534,119.66666666666667,37.96782263385084,0.0709,0.014124446891825534,0.17860689514751477,0.06552946994378853
AI-MLP-FT-AGGRESSIVE-HYBRID,1.8409685293833415,0.009026152754336677,0.14583333333333334,0.05155986946151909,0.03109049120071688,0.007283564490287648,4.201991863336195,1.0317475339221596,0.610750646441959,0.10419575384683909,-1.0,0.0,630.3333333333334,132.21783372735902,445152.6796143369,150764.79968224536,212712.91215924412,68885.65807434605,2574262.9530454255,723386.8125192618,1623720.976336346,486224.02027485723,3774.3333333333335,110.78307131005572,31.70848297697816,1.5216213208957887,1.251167227000055,0.018447865786437558,698.0,156.08544668439356,104.33333333333333,29.63481436119049,0.0698,0.015608544668439354,0.15926463239432476,0.05474844252046823
AI-MLP-FT-BALANCED-HYBRID,1.907605806986491,0.01859442487412797,0.125,0.03375385780420761,0.03306722659773203,0.005769040094788061,3.792008546611297,0.5834214698389185,0.5735035574129386,0.06899429101403545,-1.0,0.0,647.6666666666666,143.35116168191857,470703.64956137096,135229.0425171559,225580.74082512257,61907.446430334254,2763264.6618156517,628003.9637595973,1742444.6826739742,431766.7057919225,3703.6666666666665,88.58266697773831,31.020588488439923,1.5611119584751623,1.2307100089270864,0.01090703710999802,720.3333333333334,165.86004809946112,89.66666666666667,32.49957264676294,0.07203333333333334,0.01658600480994611,0.13352182190854675,0.05293188701378637
AI-SAFE-HYBRID,1.9427331288655598,0.02593312498984871,0.15104166666666666,0.00736569563735987,0.027103504215283226,0.0026383855812381046,4.684577758568062,0.5016326355883303,0.6681139424360742,0.04743112198935519,-1.0,0.0,767.3333333333334,49.74825513411389,376552.9448185517,35852.5277894183,180672.1862791981,10803.467633813652,2171473.898798886,88947.50497955413,1362781.5347273939,39392.221523659704,1337.3333333333333,32.71425105702746,11.996248563130697,0.18638848337489713,0.6265609879968674,0.005666256439508181,734.0,144.92986809718232,75.33333333333333,23.04102621171394,0.07339999999999999,0.014492986809718233,0.11122462569984388,0.047527813161520535
Adam,2.317032972971598,0.0025575409824068773,0.07291666666666667,0.01948779888944761,7.238279342221913e-08,7.507152616421398e-09,10131304.444864437,739888.0562279011,7.004510803567929,0.03164308329245556,0.43811314943431545,0.009915117646464447,687.3333333333334,442.1774405019877,1.0,0.0,0.4815196207874869,0.0180030033512691,1.0,0.0,0.627961205788751,0.012419533976889496,N/A,N/A,N/A,N/A,N/A,N/A,N/A,N/A,N/A,N/A,N/A,N/A,N/A,N/A
AdamW,2.3169878323872886,0.002504883712104596,0.07291666666666667,0.01948779888944761,7.092113621603724e-08,7.356808362649051e-09,10371937.742099743,755355.5875993102,7.01471188891767,0.031552230913850766,0.4254942649201626,0.01100831584227443,687.3333333333334,442.1774405019877,0.9798068937205292,0.00031096651643176647,0.47180080876169594,0.017762359631540634,0.9767848745381341,0.0002229277759292185,0.6133853165196108,0.012248318450220053,N/A,N/A,N/A,N/A,N/A,N/A,N/A,N/A,N/A,N/A,N/A,N/A,N/A,N/A
RMSProp,2.3113401730855307,0.0013446340644857004,0.07291666666666667,0.01948779888944761,4.4950157899014316e-08,4.7677867277378226e-09,9190154.31121759,397536.43897293136,6.962909632835095,0.019022547687684778,0.26142155554995045,0.024194241636462055,677.3333333333334,456.3195761257187,0.620861949341496,0.009760588015713265,0.29882865124489083,0.00832675972449828,1.1050572124248947,0.09788597660841893,0.6948970253726217,0.07239135600356683,N/A,N/A,N/A,N/A,N/A,N/A,N/A,N/A,N/A,N/A,N/A,N/A,N/A,N/A
SGD,2.3282245794932046,0.010323594220708698,0.07291666666666667,0.01948779888944761,1.5021023077682605e-07,1.3323606466476887e-08,6371154.2608412905,591834.6724132467,6.802359136099919,0.04010258817164391,0.7129397356233629,0.010804909532274233,687.3333333333334,442.1774405019877,2.0796140119948445,0.07638764133345824,1.0,0.0,1.5930730328030636,0.0312481136409228,1.0,0.0,N/A,N/A,N/A,N/A,N/A,N/A,N/A,N/A,N/A,N/A,N/A,N/A,N/A,N/A
